{"notes": [408.20568787143355, 326.56455029714687, 326.56455029714687, 408.20568787143355, 326.56455029714687, 489.84682544572024, 285.7439815100035, 445.3152958597457], "pivots": [445.3152958597457, 367.3851190842902, 445.3152958597457, "nil", 571.487963020007, 571.487963020007, 489.84682544572024], "durs": [0.3538155675370441, 0.2909408050693699, 0.39845062230752637, 0.4267077927711818, 0.3020985107489449, 0.4332700622554253, 0.44249255219655415, 0.35222408711395337], "waitProps": [0.5530658716422024, 0.5774388777113942, 0.5244318578722681, 0.6448298654153434, 0.6093110671920233, 0.6509325655401729, 0.5879472571273631, 0.5784220578516068, 0.5936193865891681, 0.6359946205430387, 0.5676278780686991, 0.6358949799154239, 0.75, 0.5592429566775371, 0.6445666717727673, 0.6197328317216036, 0.7171035396411224, 0.5742300818424901, 0.6940955587509918, 0.6077621106673062, 0.658731015325496, 0.6956766684257277, 0.5635388006760865, 0.6058891685960704, 0.5388714850334001, 0.5287232215077499, 0.6358343140429891, 0.5683011619851808, 0.5808421613188811, 0.5700394314107118, 0.6684165329909946, 0.6674260842673087, 0.6324449566917344, 0.586916040804064, 0.5509014347521932, 0.5644493668376176, 0.5671628722982468, 0.5824751905048968, 0.5263659184127529, 0.6518924153229191, 0.5454829752164472, 0.6104827477617804, 0.6017999683445537, 0.638870312361527, 0.577361594266701, 0.6372218091699963, 0.6988474543530755, 0.6448728268657832, 0.5096215640064602], "pluckStarts": [0.0, 0.644756372606414, 1.772013298434067, 2.205283360689492, 2.647775912886046], "pluckAmps": [0.7212378836679505, 0.7744029336539966, 0.9334517906162398, 0.7708749335713765, 0.706520973057334], "durTot": 9}