{"notes": [400.0, 320.0, 480.0, 480.1001961122626, 266.72233117347923, 320.06679740817503, 420.08767159822975, 426.8448116796907, 333.4725091247583, 365.86698143973484], "pivots": ["nil", "nil", 533.4446623469585, "nil", "nil", "nil", 480.200413139652, "nil", "nil"], "durs": [1.1861501196063933, 0.78362910783107, 0.650364900325261, 0.5593670653001386, 0.4987232970071351, 0.4693810068427886, 0.9411580581791402, 0.4679893276136261, 0.44652850882950923, 0.996708608464938], "waitProps": [0.5, 0.5, 0.5, 0.5, 0.5, 0.5, 0.5, 0.5, 0.5], "pluckStarts": [0.0, 1.1861501196063933, 1.9697792274374633, 2.620144127762724, 3.179511193062863, 3.6782344900699977, 4.1476154969127865], "pluckAmps": [0.8065019510361874, 0.7139739309728055, 0.7473431622499291, 0.7523947940945314, 0.6887047818235384, 0.6638903552544351, 0.8509641896475804], "durTot": 7, "releaseDur": 21}