{"notes": [288.0601176673576, 266.72233117347923, 400.0834967602188, 320.06679740817503, 420.08767159822975, 480.1001961122626, 426.8448116796907, 384.1603305117216, 300.1252582122825, 266.7780072998067], "pivots": [320.06679740817503, 420.08767159822975, 420.08767159822975, "nil", 266.72233117347923, 266.7780072998067, 480.200413139652, 426.8448116796907, "nil"], "durs": [0.7454070549888172, 1.1240995589956664, 0.6170218464803021, 0.5331110163981461, 0.47146543927394985, 0.4461508130861269, 0.4148320555982804, 0.8648943289237051, 0.7719150739400161, 1.01110281231499], "waitProps": [0.749907337965958, 0.7951673088171607, 0.7796758774302668, 0.756340263841838, 0.8079551599500159, 0.7591779650309036, 0.8356891242791842, 0.6955951257471814, 0.8287856575342178], "pluckStarts": [0.0, 0.7454070549888172, 1.8695066139844836, 3.019639476862932, 3.9372557292230086, 4.352087784821289, 5.216982113744994], "pluckAmps": [0.7505622497160467, 0.8200734249982611, 0.7158477098984852, 0.8385304611585269, 0.9574314453358148, 0.7296230987639147, 0.8189407871462318], "durTot": 7, "releaseDur": 21}